Year,Name,Status,Latitude,Longitude,Wind Speed,Pressure,Timestamp,Max Wind,Before (0) or After (1)
2005,CINDY,TD,18.3N,86.7W,30,1009,4410,65,0
2005,CINDY,TD,18.6N,87.2W,30,1007,4416,65,0
2005,CINDY,TD,19.0N,87.6W,30,1007,4419.3,65,0
2005,CINDY,TD,19.3N,87.9W,30,1007,4422,65,0
2005,CINDY,TD,20.9N,88.5W,25,1011,4428,65,0
2005,CINDY,TD,22.3N,89.0W,30,1010,4434,65,0
2005,CINDY,TD,23.9N,89.7W,30,1009,4440,65,0
2005,CINDY,TS,25.1N,90.2W,35,1009,4446,65,0
2005,CINDY,TS,26.4N,90.4W,45,1002,4452,65,0
2005,CINDY,TS,27.6N,90.5W,60,997,4458,65,0
2005,CINDY,HU,28.5N,90.3W,65,992,4464,65,1
2005,CINDY,HU,29.2N,90.1W,65,991,4467,65,1
2005,CINDY,TS,29.6N,90.0W,50,994,4470,65,1
2005,CINDY,TS,30.2N,89.5W,45,995,4473,65,1
2005,CINDY,TS,30.8N,88.9W,40,998,4476,65,1
2005,CINDY,TD,31.6N,88.1W,30,1000,4482,65,1
2005,CINDY,TD,32.4N,87.2W,25,1004,4488,65,1
2005,CINDY,TD,33.2N,86.2W,20,1008,4494,65,1
2005,CINDY,EX,34.6N,84.1W,20,1009,4500,65,1
2005,CINDY,EX,35.6N,81.8W,20,1010,4506,65,1
2005,CINDY,EX,37.1N,80.0W,20,1010,4512,65,1
2005,CINDY,EX,37.8N,78.3W,20,1010,4518,65,1
2005,CINDY,EX,38.4N,76.7W,25,1009,4524,65,1
2005,CINDY,EX,39.1N,74.8W,25,1009,4530,65,1
2005,CINDY,EX,39.5N,72.0W,25,1009,4536,65,1
2005,CINDY,EX,40.8N,70.7W,25,1009,4542,65,1
2005,CINDY,EX,41.6N,69.8W,30,1007,4548,65,1
2005,CINDY,EX,43.5N,69.6W,30,1006,4554,65,1
2005,CINDY,EX,44.9N,69.8W,30,1006,4560,65,1
2005,CINDY,EX,45.5N,70.0W,30,1006,4566,65,1
2005,CINDY,EX,46.5N,67.6W,25,1006,4572,65,1
2005,CINDY,EX,48.0N,66.4W,20,1006,4578,65,1
2005,CINDY,EX,48.5N,64.5W,20,1006,4584,65,1
2005,CINDY,EX,48.5N,62.5W,20,1006,4590,65,1
2005,DENNIS,TD,12.0N,60.8W,25,1010,4434,130,0
2005,DENNIS,TD,12.1N,61.6W,30,1010,4437,130,0
2005,DENNIS,TD,12.2N,62.5W,30,1009,4440,130,0
2005,DENNIS,TD,12.5N,64.2W,30,1008,4446,130,0
2005,DENNIS,TS,13.0N,65.9W,35,1007,4452,130,0
2005,DENNIS,TS,13.6N,67.3W,40,1005,4458,130,0
2005,DENNIS,TS,14.3N,68.5W,45,1000,4464,130,0
2005,DENNIS,TS,14.7N,69.7W,50,995,4470,130,0
2005,DENNIS,TS,15.1N,70.9W,55,991,4476,130,0
2005,DENNIS,TS,15.6N,71.9W,60,989,4482,130,0
2005,DENNIS,HU,16.2N,73.0W,70,982,4488,130,0
2005,DENNIS,HU,16.7N,74.1W,80,972,4494,130,0
2005,DENNIS,HU,17.6N,74.9W,90,967,4500,130,0
2005,DENNIS,HU,18.5N,76.1W,100,957,4506,130,0
2005,DENNIS,HU,19.4N,77.1W,120,951,4512,130,0
2005,DENNIS,HU,19.9N,77.6W,120,956,4514.45,130,0
2005,DENNIS,HU,20.3N,78.4W,110,953,4518,130,0
2005,DENNIS,HU,20.9N,79.5W,130,938,4524,130,1
2005,DENNIS,HU,22.0N,80.6W,120,941,4530,130,1
2005,DENNIS,HU,22.1N,80.7W,120,941,4530.45,130,1
2005,DENNIS,HU,22.7N,81.6W,100,960,4536,130,1
2005,DENNIS,HU,23.4N,82.5W,75,973,4542,130,1
2005,DENNIS,HU,24.3N,83.4W,80,967,4548,130,1
2005,DENNIS,HU,25.2N,84.2W,90,962,4554,130,1
2005,DENNIS,HU,26.1N,85.0W,110,942,4560,130,1
2005,DENNIS,HU,27.2N,85.8W,125,935,4566,130,1
2005,DENNIS,HU,28.5N,86.3W,120,930,4572,130,1
2005,DENNIS,HU,29.9N,86.9W,110,942,4578,130,1
2005,DENNIS,HU,30.4N,87.1W,105,946,4579.3,130,1
2005,DENNIS,TS,31.5N,87.7W,45,970,4584,130,1
2005,DENNIS,TD,32.6N,88.5W,30,991,4590,130,1
2005,DENNIS,TD,33.9N,88.8W,25,997,4596,130,1
2005,DENNIS,TD,35.3N,89.1W,20,1002,4602,130,1
2005,DENNIS,TD,36.4N,89.2W,20,1003,4608,130,1
2005,DENNIS,TD,37.1N,89.0W,15,1005,4614,130,1
2005,DENNIS,TD,37.7N,88.7W,15,1007,4620,130,1
2005,DENNIS,TD,38.1N,88.3W,15,1008,4626,130,1
2005,DENNIS,TD,38.5N,87.8W,15,1009,4632,130,1
2005,DENNIS,TD,38.9N,87.2W,15,1010,4638,130,1
2005,DENNIS,LO,39.2N,86.5W,15,1010,4644,130,1
2005,DENNIS,LO,39.2N,85.8W,15,1010,4650,130,1
2005,DENNIS,LO,39.2N,85.7W,10,1009,4656,130,1
2005,DENNIS,LO,39.0N,85.6W,10,1009,4662,130,1
2005,DENNIS,LO,38.7N,85.6W,10,1010,4668,130,1
2005,DENNIS,LO,38.4N,85.6W,10,1010,4674,130,1
2005,DENNIS,LO,38.1N,85.8W,10,1009,4680,130,1
2005,DENNIS,LO,37.9N,86.2W,10,1010,4686,130,1
2005,DENNIS,LO,38.1N,86.4W,10,1012,4692,130,1
2005,DENNIS,LO,38.4N,86.6W,10,1012,4698,130,1
2005,DENNIS,LO,38.6N,86.8W,10,1011,4704,130,1
2005,DENNIS,LO,39.4N,86.5W,10,1013,4710,130,1
2005,DENNIS,LO,40.2N,86.2W,10,1013,4716,130,1
2005,DENNIS,LO,40.8N,85.2W,10,1014,4722,130,1
2005,DENNIS,LO,41.3N,84.1W,10,1013,4728,130,1
2005,DENNIS,LO,42.2N,83.2W,10,1013,4734,130,1
2005,DENNIS,LO,43.1N,82.3W,10,1013,4740,130,1
2005,DENNIS,LO,43.9N,81.4W,10,1012,4746,130,1
2005,DENNIS,LO,44.6N,80.5W,10,1010,4752,130,1
2005,DENNIS,LO,45.8N,79.8W,10,1009,4758,130,1
2005,EMILY,TD,10.7N,42.4W,25,1010,4584,140,0
2005,EMILY,TD,10.8N,43.4W,30,1009,4590,140,0
2005,EMILY,TD,10.9N,44.4W,30,1009,4596,140,0
2005,EMILY,TD,11.0N,45.4W,30,1007,4602,140,0
2005,EMILY,TS,11.0N,46.8W,35,1006,4608,140,0
2005,EMILY,TS,11.0N,48.5W,40,1005,4614,140,0
2005,EMILY,TS,11.0N,50.2W,45,1004,4620,140,0
2005,EMILY,TS,11.0N,52.0W,45,1004,4626,140,0
2005,EMILY,TS,11.0N,53.7W,45,1003,4632,140,0
2005,EMILY,TS,11.1N,55.4W,45,1003,4638,140,0
2005,EMILY,TS,11.2N,57.2W,50,1003,4644,140,0
2005,EMILY,TS,11.4N,58.9W,55,1003,4650,140,0
2005,EMILY,HU,11.6N,60.2W,70,999,4656,140,0
2005,EMILY,HU,11.9N,61.5W,75,991,4662,140,0
2005,EMILY,HU,12.0N,61.8W,75,989,4663,140,0
2005,EMILY,HU,12.4N,63.2W,85,980,4668,140,0
2005,EMILY,HU,12.9N,64.9W,100,971,4674,140,0
2005,EMILY,HU,13.3N,66.7W,110,959,4680,140,0
2005,EMILY,HU,13.7N,68.4W,115,952,4686,140,0
2005,EMILY,HU,14.1N,70.1W,115,964,4692,140,0
2005,EMILY,HU,14.5N,71.8W,95,969,4698,140,0
2005,EMILY,HU,14.9N,73.4W,110,958,4704,140,0
2005,EMILY,HU,15.4N,75.0W,120,953,4710,140,0
2005,EMILY,HU,15.9N,76.5W,130,944,4716,140,0
2005,EMILY,HU,16.4N,78.0W,135,937,4722,140,0
2005,EMILY,HU,17.1N,79.5W,140,929,4728,140,1
2005,EMILY,HU,17.7N,81.2W,135,940,4734,140,1
2005,EMILY,HU,18.3N,82.8W,130,946,4740,140,1
2005,EMILY,HU,18.9N,84.3W,125,948,4746,140,1
2005,EMILY,HU,19.5N,85.8W,120,951,4752,140,1
2005,EMILY,HU,20.3N,87.3W,115,955,4758,140,1
2005,EMILY,HU,20.3N,87.4W,115,955,4758.3,140,1
2005,EMILY,HU,21.3N,88.9W,65,975,4764,140,1
2005,EMILY,HU,22.0N,90.3W,65,984,4770,140,1
2005,EMILY,HU,22.6N,91.5W,75,981,4776,140,1
2005,EMILY,HU,23.2N,92.8W,80,980,4782,140,1
2005,EMILY,HU,23.7N,94.0W,80,977,4788,140,1
2005,EMILY,HU,24.1N,95.1W,85,959,4794,140,1
2005,EMILY,HU,24.4N,96.1W,110,948,4800,140,1
2005,EMILY,HU,24.6N,96.9W,110,944,4806,140,1
2005,EMILY,HU,24.8N,97.6W,110,944,4812,140,1
2005,EMILY,TS,25.0N,98.7W,70,975,4818,140,1
2005,EMILY,TS,25.0N,99.7W,45,995,4824,140,1
2005,EMILY,TD,25.0N,100.5W,30,1000,4830,140,1
2005,EMILY,TD,25.0N,101.1W,25,1007,4836,140,1
2005,IRENE,TD,12.9N,33.5W,25,1009,5178,90,0
2005,IRENE,TD,13.6N,34.5W,25,1009,5184,90,0
2005,IRENE,TD,14.6N,35.5W,25,1009,5190,90,0
2005,IRENE,TD,15.6N,36.8W,30,1008,5196,90,0
2005,IRENE,TD,16.6N,38.4W,30,1008,5202,90,0
2005,IRENE,TD,17.2N,39.8W,30,1008,5208,90,0
2005,IRENE,TD,17.7N,40.5W,30,1008,5214,90,0
2005,IRENE,TD,18.2N,41.6W,30,1008,5220,90,0
2005,IRENE,TD,18.8N,42.8W,30,1008,5226,90,0
2005,IRENE,TD,19.3N,43.5W,30,1008,5232,90,0
2005,IRENE,TD,19.7N,44.2W,30,1007,5238,90,0
2005,IRENE,TS,20.2N,45.0W,35,1005,5244,90,0
2005,IRENE,TS,20.8N,46.0W,35,1005,5250,90,0
2005,IRENE,TS,21.3N,47.2W,35,1005,5256,90,0
2005,IRENE,TS,21.8N,48.3W,35,1006,5262,90,0
2005,IRENE,TD,22.2N,49.9W,30,1009,5268,90,0
2005,IRENE,TD,22.4N,50.9W,30,1009,5274,90,0
2005,IRENE,TD,22.5N,52.0W,30,1009,5280,90,0
2005,IRENE,TD,22.4N,52.9W,30,1009,5286,90,0
2005,IRENE,TD,22.4N,53.7W,30,1009,5292,90,0
2005,IRENE,TD,22.4N,54.8W,30,1009,5298,90,0
2005,IRENE,TD,22.4N,55.7W,30,1009,5304,90,0
2005,IRENE,TD,22.3N,56.5W,30,1009,5310,90,0
2005,IRENE,TD,22.4N,57.2W,30,1009,5316,90,0
2005,IRENE,TD,22.8N,58.1W,30,1008,5322,90,0
2005,IRENE,TS,23.3N,59.3W,35,1005,5328,90,0
2005,IRENE,TS,23.9N,60.4W,40,1003,5334,90,0
2005,IRENE,TS,24.7N,61.7W,45,1001,5340,90,0
2005,IRENE,TS,25.4N,62.9W,45,1001,5346,90,0
2005,IRENE,TS,26.3N,63.8W,45,1001,5352,90,0
2005,IRENE,TS,27.2N,65.1W,55,998,5358,90,0
2005,IRENE,TS,27.9N,66.3W,55,996,5364,90,0
2005,IRENE,TS,28.4N,67.1W,55,995,5370,90,0
2005,IRENE,TS,28.9N,67.7W,60,993,5376,90,0
2005,IRENE,TS,29.6N,68.2W,60,996,5382,90,0
2005,IRENE,TS,30.0N,69.0W,60,997,5388,90,0
2005,IRENE,TS,30.8N,69.4W,60,1000,5394,90,0
2005,IRENE,TS,31.6N,69.9W,60,997,5400,90,0
2005,IRENE,TS,32.1N,70.2W,55,999,5406,90,0
2005,IRENE,TS,33.1N,70.1W,55,999,5412,90,0
2005,IRENE,TS,34.0N,70.0W,60,994,5418,90,0
2005,IRENE,HU,34.9N,69.5W,70,989,5424,90,0
2005,IRENE,HU,35.7N,68.7W,75,985,5430,90,0
2005,IRENE,HU,36.3N,67.7W,75,985,5436,90,0
2005,IRENE,HU,36.5N,66.5W,80,980,5442,90,0
2005,IRENE,HU,36.6N,65.1W,80,980,5448,90,0
2005,IRENE,HU,36.6N,64.0W,80,978,5454,90,0
2005,IRENE,HU,36.6N,63.0W,85,975,5460,90,0
2005,IRENE,HU,36.5N,62.0W,90,970,5466,90,1
2005,IRENE,HU,36.5N,61.3W,80,978,5472,90,1
2005,IRENE,HU,36.5N,60.6W,75,983,5478,90,1
2005,IRENE,HU,36.9N,59.1W,65,987,5484,90,1
2005,IRENE,HU,37.6N,57.3W,65,987,5490,90,1
2005,IRENE,TS,38.6N,55.0W,60,990,5496,90,1
2005,IRENE,TS,40.3N,52.3W,60,990,5502,90,1
2005,IRENE,TS,43.3N,48.9W,50,992,5508,90,1
2005,KATRINA,TD,23.1N,75.1W,30,1008,5634,150,0
2005,KATRINA,TD,23.4N,75.7W,30,1007,5640,150,0
2005,KATRINA,TD,23.8N,76.2W,30,1007,5646,150,0
2005,KATRINA,TS,24.5N,76.5W,35,1006,5652,150,0
2005,KATRINA,TS,25.4N,76.9W,40,1003,5658,150,0
2005,KATRINA,TS,26.0N,77.7W,45,1000,5664,150,0
2005,KATRINA,TS,26.1N,78.4W,50,997,5670,150,0
2005,KATRINA,TS,26.2N,79.0W,55,994,5676,150,0
2005,KATRINA,TS,26.2N,79.6W,60,988,5682,150,0
2005,KATRINA,HU,26.0N,80.1W,70,984,5686.3,150,0
2005,KATRINA,HU,25.9N,80.3W,70,983,5688,150,0
2005,KATRINA,HU,25.4N,81.3W,65,987,5694,150,0
2005,KATRINA,HU,25.1N,82.0W,75,979,5700,150,0
2005,KATRINA,HU,24.9N,82.6W,85,968,5706,150,0
2005,KATRINA,HU,24.6N,83.3W,90,959,5712,150,0
2005,KATRINA,HU,24.4N,84.0W,95,950,5718,150,0
2005,KATRINA,HU,24.4N,84.7W,100,942,5724,150,0
2005,KATRINA,HU,24.5N,85.3W,100,948,5730,150,0
2005,KATRINA,HU,24.8N,85.9W,100,941,5736,150,0
2005,KATRINA,HU,25.2N,86.7W,125,930,5742,150,0
2005,KATRINA,HU,25.7N,87.7W,145,909,5748,150,0
2005,KATRINA,HU,26.3N,88.6W,150,902,5754,150,1
2005,KATRINA,HU,27.2N,89.2W,140,905,5760,150,1
2005,KATRINA,HU,28.2N,89.6W,125,913,5766,150,1
2005,KATRINA,HU,29.3N,89.6W,110,920,5771.1,150,1
2005,KATRINA,HU,29.5N,89.6W,110,923,5772,150,1
2005,KATRINA,HU,30.2N,89.6W,105,928,5774.45,150,1
2005,KATRINA,HU,31.1N,89.6W,80,948,5778,150,1
2005,KATRINA,TS,32.6N,89.1W,50,961,5784,150,1
2005,KATRINA,TS,34.1N,88.6W,40,978,5790,150,1
2005,KATRINA,TD,35.6N,88.0W,30,985,5796,150,1
2005,KATRINA,TD,37.0N,87.0W,30,990,5802,150,1
2005,KATRINA,EX,38.6N,85.3W,30,994,5808,150,1
2005,KATRINA,EX,40.1N,82.9W,25,996,5814,150,1
2005,MARIA,TD,18.8N,45.5W,30,1008,5844,100,0
2005,MARIA,TD,19.3N,46.2W,30,1008,5850,100,0
2005,MARIA,TD,19.9N,47.2W,30,1008,5856,100,0
2005,MARIA,TD,20.5N,48.3W,30,1008,5862,100,0
2005,MARIA,TS,21.1N,49.4W,35,1006,5868,100,0
2005,MARIA,TS,21.5N,50.2W,40,1003,5874,100,0
2005,MARIA,TS,22.0N,51.0W,45,1001,5880,100,0
2005,MARIA,TS,23.0N,52.0W,45,1000,5886,100,0
2005,MARIA,TS,24.4N,53.1W,50,997,5892,100,0
2005,MARIA,TS,25.5N,54.0W,55,994,5898,100,0
2005,MARIA,TS,26.5N,54.6W,60,990,5904,100,0
2005,MARIA,HU,27.5N,55.1W,65,987,5910,100,0
2005,MARIA,HU,28.6N,55.5W,65,987,5916,100,0
2005,MARIA,HU,29.6N,56.0W,75,980,5922,100,0
2005,MARIA,HU,30.2N,56.5W,75,980,5928,100,0
2005,MARIA,HU,30.9N,56.8W,80,977,5934,100,0
2005,MARIA,HU,31.5N,56.8W,85,975,5940,100,0
2005,MARIA,HU,32.1N,56.7W,90,970,5946,100,0
2005,MARIA,HU,32.6N,56.6W,100,962,5952,100,1
2005,MARIA,HU,33.0N,56.5W,90,970,5958,100,1
2005,MARIA,HU,33.5N,56.0W,80,975,5964,100,1
2005,MARIA,HU,33.9N,55.4W,75,980,5970,100,1
2005,MARIA,HU,34.4N,54.6W,65,987,5976,100,1
2005,MARIA,HU,34.8N,53.3W,70,983,5982,100,1
2005,MARIA,HU,35.6N,51.8W,75,980,5988,100,1
2005,MARIA,HU,36.5N,50.8W,75,980,5994,100,1
2005,MARIA,HU,37.2N,49.9W,70,982,6000,100,1
2005,MARIA,HU,37.9N,49.0W,65,985,6006,100,1
2005,MARIA,HU,38.7N,48.0W,65,985,6012,100,1
2005,MARIA,HU,39.1N,47.2W,65,985,6018,100,1
2005,MARIA,TS,39.4N,46.4W,60,987,6024,100,1
2005,MARIA,TS,39.8N,44.9W,55,987,6030,100,1
2005,MARIA,TS,40.4N,43.4W,55,988,6036,100,1
2005,MARIA,TS,41.1N,42.1W,50,988,6042,100,1
2005,MARIA,TS,41.9N,40.6W,50,988,6048,100,1
2005,MARIA,TS,42.9N,39.2W,50,988,6054,100,1
2005,MARIA,EX,44.5N,37.7W,50,980,6060,100,1
2005,MARIA,EX,46.0N,36.3W,55,975,6066,100,1
2005,MARIA,EX,48.0N,35.0W,60,975,6072,100,1
2005,MARIA,EX,50.0N,34.0W,60,974,6078,100,1
2005,MARIA,EX,52.0N,32.9W,65,971,6084,100,1
2005,MARIA,EX,54.0N,32.0W,65,968,6090,100,1
2005,MARIA,EX,55.5N,31.0W,65,962,6096,100,1
2005,MARIA,EX,57.0N,29.0W,65,967,6102,100,1
2005,MARIA,EX,58.5N,26.0W,65,970,6108,100,1
2005,MARIA,EX,61.0N,23.0W,60,972,6114,100,1
2005,MARIA,EX,62.0N,21.0W,55,974,6120,100,1
2005,MARIA,EX,62.9N,19.0W,50,976,6126,100,1
2005,MARIA,EX,63.5N,16.0W,45,980,6132,100,1
2005,MARIA,EX,63.0N,10.0W,45,983,6138,100,1
2005,MARIA,EX,63.0N,0.0W,45,984,6144,100,1
2005,NATE,TD,28.4N,67.0W,30,1008,5946,80,0
2005,NATE,TS,28.4N,66.6W,35,1005,5952,80,0
2005,NATE,TS,28.5N,66.5W,40,1002,5958,80,0
2005,NATE,TS,28.5N,66.5W,50,1000,5964,80,0
2005,NATE,TS,28.6N,66.4W,50,997,5970,80,0
2005,NATE,TS,28.7N,66.3W,55,994,5976,80,0
2005,NATE,TS,28.7N,66.3W,60,990,5982,80,0
2005,NATE,HU,28.9N,66.2W,65,987,5988,80,0
2005,NATE,HU,29.3N,66.0W,70,985,5994,80,0
2005,NATE,HU,29.6N,65.7W,75,984,6000,80,0
2005,NATE,HU,30.0N,65.0W,75,982,6006,80,0
2005,NATE,HU,30.5N,63.8W,75,982,6012,80,0
2005,NATE,HU,31.4N,62.7W,75,982,6018,80,0
2005,NATE,HU,32.6N,61.1W,80,979,6024,80,1
2005,NATE,HU,33.4N,59.1W,70,985,6030,80,1
2005,NATE,HU,34.0N,55.8W,65,986,6036,80,1
2005,NATE,TS,34.5N,53.4W,55,991,6042,80,1
2005,NATE,TS,34.7N,50.8W,55,997,6048,80,1
2005,NATE,TS,34.6N,49.0W,45,997,6054,80,1
2005,NATE,TS,34.5N,45.9W,45,997,6060,80,1
2005,NATE,EX,34.9N,44.1W,45,997,6066,80,1
2005,NATE,EX,35.2N,42.1W,40,999,6072,80,1
2005,NATE,EX,36.0N,40.6W,40,1000,6078,80,1
2005,NATE,EX,37.4N,38.3W,40,1001,6084,80,1
2005,NATE,EX,39.2N,35.6W,40,1001,6090,80,1
2005,NATE,EX,41.6N,33.3W,40,1002,6096,80,1
2005,NATE,EX,43.5N,32.0W,35,1002,6102,80,1
2005,NATE,EX,44.0N,28.1W,35,1003,6108,80,1
2005,NATE,EX,46.0N,25.0W,35,1003,6114,80,1
2005,OPHELIA,TD,25.8N,78.6W,25,1009,5958,75,0
2005,OPHELIA,TD,26.3N,78.3W,25,1010,5964,75,0
2005,OPHELIA,TD,26.6N,78.3W,25,1010,5968,75,0
2005,OPHELIA,TD,26.8N,78.3W,25,1010,5970,75,0
2005,OPHELIA,TD,27.4N,78.5W,30,1006,5976,75,0
2005,OPHELIA,TS,27.9N,78.8W,35,1003,5982,75,0
2005,OPHELIA,TS,28.7N,79.2W,40,1000,5988,75,0
2005,OPHELIA,TS,28.8N,79.3W,45,997,5994,75,0
2005,OPHELIA,TS,28.8N,79.3W,45,994,6000,75,0
2005,OPHELIA,TS,28.7N,79.6W,50,994,6006,75,0
2005,OPHELIA,TS,28.6N,79.6W,55,988,6012,75,0
2005,OPHELIA,TS,28.6N,79.5W,60,988,6018,75,0
2005,OPHELIA,HU,28.6N,79.3W,65,990,6024,75,0
2005,OPHELIA,TS,28.9N,79.3W,55,990,6030,75,0
2005,OPHELIA,TS,29.3N,79.1W,55,983,6036,75,0
2005,OPHELIA,HU,29.8N,78.5W,65,983,6042,75,0
2005,OPHELIA,TS,30.2N,77.5W,60,983,6048,75,0
2005,OPHELIA,TS,30.9N,76.9W,60,984,6054,75,0
2005,OPHELIA,HU,31.5N,76.6W,65,976,6060,75,0
2005,OPHELIA,HU,31.7N,76.2W,70,977,6066,75,0
2005,OPHELIA,HU,31.8N,75.9W,70,977,6072,75,0
2005,OPHELIA,HU,31.7N,75.9W,75,978,6078,75,1
2005,OPHELIA,HU,31.6N,75.7W,70,978,6084,75,1
2005,OPHELIA,HU,31.4N,75.9W,65,978,6090,75,1
2005,OPHELIA,TS,31.2N,76.2W,60,980,6096,75,1
2005,OPHELIA,TS,31.2N,76.6W,60,985,6102,75,1
2005,OPHELIA,TS,31.5N,76.9W,55,988,6108,75,1
2005,OPHELIA,TS,31.7N,77.3W,60,989,6114,75,1
2005,OPHELIA,TS,31.8N,77.7W,60,989,6120,75,1
2005,OPHELIA,TS,31.9N,77.9W,60,990,6126,75,1
2005,OPHELIA,TS,32.1N,78.0W,60,989,6132,75,1
2005,OPHELIA,TS,32.3N,78.1W,60,988,6138,75,1
2005,OPHELIA,HU,32.6N,78.1W,65,985,6144,75,1
2005,OPHELIA,HU,32.9N,78.0W,70,980,6150,75,1
2005,OPHELIA,HU,33.4N,77.7W,75,980,6156,75,1
2005,OPHELIA,HU,33.9N,77.5W,75,979,6162,75,1
2005,OPHELIA,HU,34.2N,76.9W,75,979,6168,75,1
2005,OPHELIA,HU,34.5N,76.3W,70,982,6174,75,1
2005,OPHELIA,HU,34.7N,75.8W,65,984,6180,75,1
2005,OPHELIA,HU,34.7N,75.6W,65,986,6186,75,1
2005,OPHELIA,TS,34.6N,75.1W,60,987,6192,75,1
2005,OPHELIA,TS,34.7N,74.8W,55,993,6198,75,1
2005,OPHELIA,TS,35.4N,74.4W,50,995,6204,75,1
2005,OPHELIA,TS,36.4N,73.6W,55,993,6210,75,1
2005,OPHELIA,TS,37.3N,72.7W,55,995,6216,75,1
2005,OPHELIA,TS,38.7N,71.4W,50,1000,6222,75,1
2005,OPHELIA,TS,40.0N,69.7W,50,997,6228,75,1
2005,OPHELIA,TS,41.6N,67.3W,50,995,6234,75,1
2005,OPHELIA,EX,43.2N,64.9W,45,996,6240,75,1
2005,OPHELIA,EX,44.8N,62.6W,45,1000,6246,75,1
2005,OPHELIA,EX,46.2N,59.9W,45,1000,6252,75,1
2005,OPHELIA,EX,47.4N,56.2W,45,999,6258,75,1
2005,OPHELIA,EX,48.4N,52.3W,45,1000,6264,75,1
2005,OPHELIA,EX,49.0N,48.8W,45,1001,6270,75,1
2005,OPHELIA,EX,49.5N,45.7W,45,1000,6276,75,1
2005,OPHELIA,EX,50.0N,42.1W,45,999,6282,75,1
2005,OPHELIA,EX,50.9N,38.5W,45,998,6288,75,1
2005,OPHELIA,EX,51.5N,34.7W,40,1000,6294,75,1
2005,OPHELIA,EX,52.2N,30.5W,40,1003,6300,75,1
2005,OPHELIA,EX,52.8N,26.5W,40,1001,6306,75,1
2005,OPHELIA,EX,53.8N,22.0W,40,998,6312,75,1
2005,OPHELIA,EX,55.3N,17.7W,35,998,6318,75,1
2005,OPHELIA,EX,57.6N,14.6W,35,998,6324,75,1
2005,OPHELIA,EX,59.8N,11.9W,35,996,6330,75,1
2005,OPHELIA,EX,61.7N,8.4W,35,993,6336,75,1
2005,OPHELIA,EX,63.6N,4.5W,35,993,6342,75,1
2005,OPHELIA,EX,65.6N,1.0W,35,994,6348,75,1
2005,OPHELIA,EX,67.5N,1.9E,30,995,6354,75,1
2005,OPHELIA,EX,68.8N,6.6E,30,997,6360,75,1
2005,PHILIPPE,TD,13.3N,54.5W,30,1008,6228,70,0
2005,PHILIPPE,TS,13.5N,54.9W,35,1007,6234,70,0
2005,PHILIPPE,TS,13.9N,55.1W,40,1003,6240,70,0
2005,PHILIPPE,TS,14.4N,55.3W,45,1000,6246,70,0
2005,PHILIPPE,TS,14.9N,55.5W,50,996,6252,70,0
2005,PHILIPPE,TS,15.6N,55.7W,55,993,6258,70,0
2005,PHILIPPE,HU,16.2N,55.8W,65,987,6264,70,0
2005,PHILIPPE,HU,16.7N,55.9W,65,987,6270,70,0
2005,PHILIPPE,HU,17.2N,56.2W,65,987,6276,70,0
2005,PHILIPPE,HU,17.5N,56.4W,65,987,6282,70,0
2005,PHILIPPE,HU,17.7N,56.6W,70,985,6288,70,1
2005,PHILIPPE,HU,17.9N,56.8W,65,987,6294,70,1
2005,PHILIPPE,TS,18.1N,57.0W,60,990,6300,70,1
2005,PHILIPPE,TS,18.5N,57.2W,55,992,6306,70,1
2005,PHILIPPE,TS,18.9N,57.2W,55,994,6312,70,1
2005,PHILIPPE,TS,19.4N,57.1W,50,997,6318,70,1
2005,PHILIPPE,TS,19.9N,57.0W,45,1000,6324,70,1
2005,PHILIPPE,TS,20.8N,56.9W,40,1001,6330,70,1
2005,PHILIPPE,TS,22.4N,56.7W,35,1002,6336,70,1
2005,PHILIPPE,TS,23.8N,56.8W,35,1003,6342,70,1
2005,PHILIPPE,TS,25.2N,57.2W,35,1003,6348,70,1
2005,PHILIPPE,TS,26.7N,57.6W,35,1003,6354,70,1
2005,PHILIPPE,TS,28.3N,58.2W,35,1003,6360,70,1
2005,PHILIPPE,TS,30.2N,60.1W,35,1003,6366,70,1
2005,PHILIPPE,TD,30.5N,62.2W,30,1003,6372,70,1
2005,PHILIPPE,LO,30.2N,63.7W,30,1003,6378,70,1
2005,PHILIPPE,LO,29.2N,63.8W,30,1003,6384,70,1
2005,PHILIPPE,LO,28.6N,62.8W,25,1004,6390,70,1
2005,RITA,TD,21.3N,69.9W,25,1009,6240,155,0
2005,RITA,TD,21.6N,70.7W,25,1009,6246,155,0
2005,RITA,TD,21.9N,71.5W,30,1007,6252,155,0
2005,RITA,TS,22.2N,72.3W,35,1005,6258,155,0
2005,RITA,TS,22.4N,73.0W,45,1002,6264,155,0
2005,RITA,TS,22.6N,73.8W,50,999,6270,155,0
2005,RITA,TS,22.8N,74.7W,55,997,6276,155,0
2005,RITA,TS,23.1N,75.9W,60,994,6282,155,0
2005,RITA,TS,23.3N,77.2W,60,992,6288,155,0
2005,RITA,TS,23.5N,78.8W,60,990,6294,155,0
2005,RITA,HU,23.7N,80.3W,70,985,6300,155,0
2005,RITA,HU,23.9N,81.6W,85,975,6306,155,0
2005,RITA,HU,24.1N,82.7W,95,967,6312,155,0
2005,RITA,HU,24.2N,84.0W,110,955,6318,155,0
2005,RITA,HU,24.2N,85.2W,120,941,6324,155,0
2005,RITA,HU,24.3N,86.2W,145,920,6330,155,0
2005,RITA,HU,24.5N,86.9W,150,897,6336,155,0
2005,RITA,HU,24.7N,87.3W,155,895,6339,155,1
2005,RITA,HU,24.8N,87.6W,155,897,6342,155,1
2005,RITA,HU,25.2N,88.3W,140,908,6348,155,1
2005,RITA,HU,25.6N,89.1W,125,913,6354,155,1
2005,RITA,HU,26.0N,89.9W,120,915,6360,155,1
2005,RITA,HU,26.5N,90.7W,115,924,6366,155,1
2005,RITA,HU,27.1N,91.5W,115,927,6372,155,1
2005,RITA,HU,27.8N,92.3W,110,930,6378,155,1
2005,RITA,HU,28.6N,93.0W,105,931,6384,155,1
2005,RITA,HU,29.4N,93.6W,100,935,6390,155,1
2005,RITA,HU,29.7N,93.7W,100,937,6391.4,155,1
2005,RITA,HU,30.5N,94.1W,65,949,6396,155,1
2005,RITA,TS,31.6N,94.1W,45,974,6402,155,1
2005,RITA,TS,32.7N,94.0W,35,982,6408,155,1
2005,RITA,TD,33.7N,93.6W,30,989,6414,155,1
2005,RITA,TD,34.7N,92.5W,25,995,6420,155,1
2005,RITA,TD,35.8N,91.4W,25,1000,6426,155,1
2005,RITA,TD,37.0N,90.1W,20,1003,6432,155,1
2005,RITA,LO,39.5N,88.0W,20,1006,6438,155,1
2005,STAN,TD,18.9N,85.6W,25,1007,6564,70,0
2005,STAN,TD,19.1N,86.2W,30,1005,6570,70,0
2005,STAN,TD,19.3N,86.7W,30,1004,6576,70,0
2005,STAN,TS,19.5N,87.2W,40,1003,6582,70,0
2005,STAN,TS,19.6N,87.5W,35,1003,6586,70,0
2005,STAN,TS,19.8N,87.9W,35,1003,6588,70,0
2005,STAN,TS,20.3N,88.8W,35,1004,6594,70,0
2005,STAN,TD,20.5N,89.8W,30,1003,6600,70,0
2005,STAN,TS,20.5N,91.0W,35,1003,6606,70,0
2005,STAN,TS,20.3N,91.7W,40,1000,6612,70,0
2005,STAN,TS,20.1N,92.2W,50,997,6618,70,0
2005,STAN,TS,19.8N,93.2W,55,990,6624,70,0
2005,STAN,HU,19.2N,94.1W,65,987,6630,70,0
2005,STAN,HU,18.6N,94.9W,70,977,6636,70,1
2005,STAN,TS,17.9N,95.6W,45,988,6642,70,1
2005,STAN,TD,17.2N,96.4W,30,1000,6648,70,1
2005,STAN,TD,16.9N,97.0W,25,1004,6654,70,1
2005,VINCE,SS,32.9N,20.6W,40,1001,6726,65,0
2005,VINCE,SS,33.0N,20.3W,45,1000,6732,65,0
2005,VINCE,SS,33.1N,20.1W,45,1000,6738,65,0
2005,VINCE,SS,33.2N,20.0W,45,999,6744,65,0
2005,VINCE,SS,33.4N,19.6W,50,998,6750,65,0
2005,VINCE,TS,33.8N,19.3W,55,995,6756,65,0
2005,VINCE,HU,34.1N,18.9W,65,988,6762,65,1
2005,VINCE,TS,34.3N,18.3W,60,990,6768,65,1
2005,VINCE,TS,34.5N,17.2W,50,992,6774,65,1
2005,VINCE,TS,34.7N,15.3W,45,995,6780,65,1
2005,VINCE,TS,35.4N,12.8W,35,998,6786,65,1
2005,VINCE,TD,36.1N,10.5W,30,1000,6792,65,1
2005,VINCE,TD,36.7N,8.3W,30,1002,6798,65,1
2005,VINCE,TD,37.2N,7.1W,30,1002,6801,65,1
2005,VINCE,TD,37.7N,6.0W,30,1003,6804,65,1
2005,WILMA,TD,17.6N,78.5W,25,1004,6906,160,0
2005,WILMA,TD,17.6N,78.8W,25,1004,6912,160,0
2005,WILMA,TD,17.5N,79.0W,30,1003,6918,160,0
2005,WILMA,TD,17.5N,79.2W,30,1003,6924,160,0
2005,WILMA,TD,17.5N,79.4W,30,1002,6930,160,0
2005,WILMA,TD,17.4N,79.6W,30,1001,6936,160,0
2005,WILMA,TS,16.9N,79.6W,35,1000,6942,160,0
2005,WILMA,TS,16.3N,79.7W,40,999,6948,160,0
2005,WILMA,TS,16.0N,79.8W,45,997,6954,160,0
2005,WILMA,TS,15.8N,79.9W,55,988,6960,160,0
2005,WILMA,TS,15.7N,79.9W,60,982,6966,160,0
2005,WILMA,HU,16.2N,80.3W,65,979,6972,160,0
2005,WILMA,HU,16.6N,81.1W,75,975,6978,160,0
2005,WILMA,HU,16.6N,81.8W,130,946,6984,160,0
2005,WILMA,HU,17.0N,82.2W,150,892,6990,160,0
2005,WILMA,HU,17.3N,82.8W,160,882,6996,160,1
2005,WILMA,HU,17.4N,83.4W,140,892,7002,160,1
2005,WILMA,HU,17.9N,84.0W,135,892,7008,160,1
2005,WILMA,HU,18.1N,84.7W,130,901,7014,160,1
2005,WILMA,HU,18.3N,85.2W,130,910,7020,160,1
2005,WILMA,HU,18.6N,85.5W,130,917,7026,160,1
2005,WILMA,HU,19.1N,85.8W,130,924,7032,160,1
2005,WILMA,HU,19.5N,86.1W,130,930,7038,160,1
2005,WILMA,HU,20.1N,86.4W,125,929,7044,160,1
2005,WILMA,HU,20.3N,86.7W,120,926,7050,160,1
2005,WILMA,HU,20.6N,86.8W,130,927,7053.45,160,1
2005,WILMA,HU,20.6N,86.8W,120,930,7056,160,1
2005,WILMA,HU,20.8N,86.9W,115,933,7059.3,160,1
2005,WILMA,HU,20.8N,87.0W,110,935,7062,160,1
2005,WILMA,HU,21.0N,87.1W,100,947,7068,160,1
2005,WILMA,HU,21.3N,87.1W,85,958,7074,160,1
2005,WILMA,HU,21.6N,87.0W,85,960,7080,160,1
2005,WILMA,HU,21.8N,86.8W,85,962,7086,160,1
2005,WILMA,HU,22.4N,86.1W,85,961,7092,160,1
2005,WILMA,HU,23.1N,85.4W,90,963,7098,160,1
2005,WILMA,HU,24.0N,84.3W,95,958,7104,160,1
2005,WILMA,HU,25.0N,83.1W,110,953,7110,160,1
2005,WILMA,HU,25.9N,81.7W,105,950,7114.3,160,1
2005,WILMA,HU,26.2N,81.0W,95,950,7116,160,1
2005,WILMA,HU,28.0N,78.8W,105,955,7122,160,1
2005,WILMA,HU,30.1N,76.0W,110,955,7128,160,1
2005,WILMA,HU,33.3N,72.0W,100,963,7134,160,1
2005,WILMA,HU,36.8N,67.9W,90,970,7140,160,1
2005,WILMA,HU,40.5N,63.5W,75,976,7146,160,1
2005,WILMA,EX,42.5N,60.0W,60,978,7152,160,1
2005,WILMA,EX,44.0N,57.5W,55,982,7158,160,1
2005,WILMA,EX,45.0N,55.0W,50,986,7164,160,1
2005,WILMA,EX,45.5N,52.0W,40,990,7170,160,1
2005,BETA,TD,10.4N,80.9W,30,1007,7170,100,0
2005,BETA,TD,10.7N,81.1W,30,1007,7176,100,0
2005,BETA,TS,11.0N,81.3W,35,1005,7182,100,0
2005,BETA,TS,11.3N,81.3W,45,1000,7188,100,0
2005,BETA,TS,11.6N,81.3W,50,997,7194,100,0
2005,BETA,TS,11.9N,81.2W,50,995,7200,100,0
2005,BETA,TS,12.3N,81.1W,50,994,7206,100,0
2005,BETA,TS,12.8N,81.0W,50,993,7212,100,0
2005,BETA,TS,13.2N,81.1W,50,991,7218,100,0
2005,BETA,TS,13.4N,81.2W,60,988,7224,100,0
2005,BETA,HU,13.6N,81.4W,70,985,7230,100,0
2005,BETA,HU,13.7N,81.6W,75,982,7236,100,0
2005,BETA,HU,13.7N,82.1W,75,980,7242,100,0
2005,BETA,HU,13.6N,82.6W,90,970,7248,100,0
2005,BETA,HU,13.3N,83.1W,100,962,7254,100,1
2005,BETA,HU,12.9N,83.5W,90,970,7260,100,1
2005,BETA,TS,12.7N,84.1W,55,990,7266,100,1
2005,BETA,TD,12.7N,84.9W,20,1000,7272,100,1
2005,EPSILON,TS,31.5N,49.2W,45,993,7974,75,0
2005,EPSILON,TS,31.6N,50.0W,45,993,7980,75,0
2005,EPSILON,TS,31.4N,50.8W,45,993,7986,75,0
2005,EPSILON,TS,31.4N,51.5W,45,993,7992,75,0
2005,EPSILON,TS,31.1N,52.5W,50,992,7998,75,0
2005,EPSILON,TS,30.8N,53.5W,55,991,8004,75,0
2005,EPSILON,TS,30.1N,54.2W,50,991,8010,75,0
2005,EPSILON,TS,29.7N,53.8W,50,992,8016,75,0
2005,EPSILON,TS,30.0N,52.7W,50,992,8022,75,0
2005,EPSILON,TS,30.8N,51.9W,50,992,8028,75,0
2005,EPSILON,TS,31.4N,51.3W,55,991,8034,75,0
2005,EPSILON,TS,31.9N,50.6W,55,991,8040,75,0
2005,EPSILON,TS,32.5N,49.8W,55,990,8046,75,0
2005,EPSILON,TS,33.2N,48.9W,60,989,8052,75,0
2005,EPSILON,HU,33.9N,47.9W,65,987,8058,75,0
2005,EPSILON,HU,34.3N,47.1W,65,987,8064,75,0
2005,EPSILON,HU,34.5N,46.2W,65,987,8070,75,0
2005,EPSILON,HU,34.5N,45.0W,65,987,8076,75,0
2005,EPSILON,HU,34.5N,43.7W,65,987,8082,75,0
2005,EPSILON,HU,34.3N,42.3W,65,987,8088,75,0
2005,EPSILON,HU,34.4N,41.1W,65,987,8094,75,0
2005,EPSILON,HU,34.3N,39.8W,70,984,8100,75,0
2005,EPSILON,HU,34.3N,38.8W,70,985,8106,75,0
2005,EPSILON,HU,34.2N,37.8W,70,985,8112,75,0
2005,EPSILON,HU,34.0N,36.7W,75,981,8118,75,1
2005,EPSILON,HU,33.8N,35.5W,75,981,8124,75,1
2005,EPSILON,HU,33.7N,34.6W,70,985,8130,75,1
2005,EPSILON,HU,33.4N,33.8W,65,986,8136,75,1
2005,EPSILON,HU,33.1N,33.7W,65,986,8142,75,1
2005,EPSILON,HU,32.3N,33.7W,65,987,8148,75,1
2005,EPSILON,HU,31.6N,34.2W,65,987,8154,75,1
2005,EPSILON,HU,30.8N,34.9W,65,987,8160,75,1
2005,EPSILON,HU,30.1N,36.0W,65,987,8166,75,1
2005,EPSILON,HU,29.4N,37.1W,65,987,8172,75,1
2005,EPSILON,TS,28.7N,38.1W,60,991,8178,75,1
2005,EPSILON,TS,28.2N,38.8W,50,997,8184,75,1
2005,EPSILON,TS,27.4N,39.3W,35,1003,8190,75,1
2005,EPSILON,TD,26.5N,40.0W,30,1005,8196,75,1
2005,EPSILON,LO,25.9N,40.5W,30,1006,8202,75,1
2005,EPSILON,LO,25.5N,40.6W,30,1007,8208,75,1
2005,EPSILON,LO,25.1N,40.4W,25,1008,8214,75,1
2005,EPSILON,LO,24.7N,40.1W,25,1009,8220,75,1
2005,EPSILON,LO,24.7N,39.2W,25,1009,8226,75,1